Insert into EMPLOYEE (EMPNO,EMPNAME,DEPARTMENT,EMAIL,PHONE) values ('E100','Chuck Coordinator','Administration','chuck@colorado.edu','3-1111');
Insert into EMPLOYEE (EMPNO,EMPNAME,DEPARTMENT,EMAIL,PHONE) values ('E101','Mary Manager','Football','mary@colorado.edu','5-1111');
Insert into EMPLOYEE (EMPNO,EMPNAME,DEPARTMENT,EMAIL,PHONE) values ('E102','Sally Supervisor','Planning','sally@colorado.edu','3-2222');
Insert into EMPLOYEE (EMPNO,EMPNAME,DEPARTMENT,EMAIL,PHONE) values ('E103','Alan Administrator','Administration','alan@colorado.edu','3-3333');

Insert into CUSTOMER (CUSTNO,CUSTNAME,ADDRESS,INTERNAL,CONTACT,PHONE,CITY,STATE,ZIP) values ('C100','Football','Box 352200','Y','Mary Manager','6857100','Boulder','CO','80309');
Insert into CUSTOMER (CUSTNO,CUSTNAME,ADDRESS,INTERNAL,CONTACT,PHONE,CITY,STATE,ZIP) values ('C101','Men''s Basketball','Box 352400','Y','Sally Supervisor','5431700','Boulder','CO','80309');
Insert into CUSTOMER (CUSTNO,CUSTNAME,ADDRESS,INTERNAL,CONTACT,PHONE,CITY,STATE,ZIP) values ('C103','Baseball','Box 352020','Y','Bill Baseball','5431234','Boulder','CO','80309');
Insert into CUSTOMER (CUSTNO,CUSTNAME,ADDRESS,INTERNAL,CONTACT,PHONE,CITY,STATE,ZIP) values ('C104','Women''s Softball','Box 351200','Y','Sue Softball','5434321','Boulder','CO','80309');
Insert into CUSTOMER (CUSTNO,CUSTNAME,ADDRESS,INTERNAL,CONTACT,PHONE,CITY,STATE,ZIP) values ('C105','High School Football','123 AnyStreet','N','Coach Bob','4441234','Louisville','CO','80027');

Insert into RESOURCETBL (RESNO,RESNAME,RATE) values ('R100','attendant',10);
Insert into RESOURCETBL (RESNO,RESNAME,RATE) values ('R101','police',15);
Insert into RESOURCETBL (RESNO,RESNAME,RATE) values ('R102','usher',10);
Insert into RESOURCETBL (RESNO,RESNAME,RATE) values ('R103','nurse',20);
Insert into RESOURCETBL (RESNO,RESNAME,RATE) values ('R104','janitor',15);
Insert into RESOURCETBL (RESNO,RESNAME,RATE) values ('R105','food service',10);

Insert into FACILITY (FACNO,FACNAME) values ('F100','Football stadium');
Insert into FACILITY (FACNO,FACNAME) values ('F101','Basketball arena');
Insert into FACILITY (FACNO,FACNAME) values ('F102','Baseball field');
Insert into FACILITY (FACNO,FACNAME) values ('F103','Recreation room');

Insert into LOCATION (LOCNO,FACNO,LOCNAME) values ('L100','F100','Locker room');
Insert into LOCATION (LOCNO,FACNO,LOCNAME) values ('L101','F100','Plaza');
Insert into LOCATION (LOCNO,FACNO,LOCNAME) values ('L102','F100','Vehicle gate');
Insert into LOCATION (LOCNO,FACNO,LOCNAME) values ('L103','F101','Locker room');
Insert into LOCATION (LOCNO,FACNO,LOCNAME) values ('L104','F100','Ticket Booth');
Insert into LOCATION (LOCNO,FACNO,LOCNAME) values ('L105','F101','Gate');
Insert into LOCATION (LOCNO,FACNO,LOCNAME) values ('L106','F100','Pedestrian gate');

Insert into EVENTREQUEST (EVENTNO,DATEHELD,DATEREQ,CUSTNO,FACNO,DATEAUTH,STATUS,ESTCOST,ESTAUDIENCE,BUDNO) values ('E100',STR_TO_DATE('25-08-18','%d-%m-%y'),STR_TO_DATE('06-05-18','%d-%m-%y'),'C100','F100',STR_TO_DATE('08-05-18','%d-%m-%y'),'Approved',5000,80000,'B1000');
Insert into EVENTREQUEST (EVENTNO,DATEHELD,DATEREQ,CUSTNO,FACNO,DATEAUTH,STATUS,ESTCOST,ESTAUDIENCE,BUDNO) values ('E101',STR_TO_DATE('26-10-18','%d-%m-%y'),STR_TO_DATE('28-07-18','%d-%m-%y'),'C100','F100',null,'Pending',5000,80000,'B1000');
Insert into EVENTREQUEST (EVENTNO,DATEHELD,DATEREQ,CUSTNO,FACNO,DATEAUTH,STATUS,ESTCOST,ESTAUDIENCE,BUDNO) values ('E103',STR_TO_DATE('21-09-18','%d-%m-%y'),STR_TO_DATE('28-07-18','%d-%m-%y'),'C100','F100',STR_TO_DATE('01-08-18','%d-%m-%y'),'Approved',5000,80000,'B1000');
Insert into EVENTREQUEST (EVENTNO,DATEHELD,DATEREQ,CUSTNO,FACNO,DATEAUTH,STATUS,ESTCOST,ESTAUDIENCE,BUDNO) values ('E102',STR_TO_DATE('14-09-18','%d-%m-%y'),STR_TO_DATE('28-07-18','%d-%m-%y'),'C100','F100',STR_TO_DATE('31-07-18','%d-%m-%y'),'Approved',5000,80000,'B1000');
Insert into EVENTREQUEST (EVENTNO,DATEHELD,DATEREQ,CUSTNO,FACNO,DATEAUTH,STATUS,ESTCOST,ESTAUDIENCE,BUDNO) values ('E104',STR_TO_DATE('03-12-18','%d-%m-%y'),STR_TO_DATE('28-07-18','%d-%m-%y'),'C101','F101',STR_TO_DATE('31-07-18','%d-%m-%y'),'Approved',2000,12000,'B1000');
Insert into EVENTREQUEST (EVENTNO,DATEHELD,DATEREQ,CUSTNO,FACNO,DATEAUTH,STATUS,ESTCOST,ESTAUDIENCE,BUDNO) values ('E105',STR_TO_DATE('05-12-18','%d-%m-%y'),STR_TO_DATE('28-07-18','%d-%m-%y'),'C101','F101',STR_TO_DATE('01-08-18','%d-%m-%y'),'Approved',2000,10000,'B1000');
Insert into EVENTREQUEST (EVENTNO,DATEHELD,DATEREQ,CUSTNO,FACNO,DATEAUTH,STATUS,ESTCOST,ESTAUDIENCE,BUDNO) values ('E106',STR_TO_DATE('12-12-18','%d-%m-%y'),STR_TO_DATE('28-07-18','%d-%m-%y'),'C101','F101',STR_TO_DATE('31-07-18','%d-%m-%y'),'Approved',2000,10000,'B1000');
Insert into EVENTREQUEST (EVENTNO,DATEHELD,DATEREQ,CUSTNO,FACNO,DATEAUTH,STATUS,ESTCOST,ESTAUDIENCE,BUDNO) values ('E107',STR_TO_DATE('23-11-18','%d-%m-%y'),STR_TO_DATE('28-07-18','%d-%m-%y'),'C105','F100',STR_TO_DATE('31-07-18','%d-%m-%y'),'Denied',10000,5000,null);


Insert into EVENTPLAN (PLANNO,EVENTNO,WORKDATE,NOTES,ACTIVITY,EMPNO) values ('P100','E100',STR_TO_DATE('25-OCT-18','%d-%m-%y'),'Standard operation','Operation','E102');
Insert into EVENTPLAN (PLANNO,EVENTNO,WORKDATE,NOTES,ACTIVITY,EMPNO) values ('P101','E104',STR_TO_DATE('03-12-18','%d-%m-%y'),'Watch for gate crashers','Operation','E100');
Insert into EVENTPLAN (PLANNO,EVENTNO,WORKDATE,NOTES,ACTIVITY,EMPNO) values ('P102','E105',STR_TO_DATE('05-12-18','%d-%m-%y'),'Standard operation','Operation','E102');
Insert into EVENTPLAN (PLANNO,EVENTNO,WORKDATE,NOTES,ACTIVITY,EMPNO) values ('P103','E106',STR_TO_DATE('12-12-18','%d-%m-%y'),'Watch for seat switching','Operation',null);
Insert into EVENTPLAN (PLANNO,EVENTNO,WORKDATE,NOTES,ACTIVITY,EMPNO) values ('P104','E101',STR_TO_DATE('26-OCT-18','%d-%m-%y'),'Standard cleanup','Cleanup','E101');
Insert into EVENTPLAN (PLANNO,EVENTNO,WORKDATE,NOTES,ACTIVITY,EMPNO) values ('P105','E100',STR_TO_DATE('25-OCT-18','%d-%m-%y'),'Light cleanup','Cleanup','E101');
Insert into EVENTPLAN (PLANNO,EVENTNO,WORKDATE,NOTES,ACTIVITY,EMPNO) values ('P199','E102',STR_TO_DATE('10-12-18','%d-%m-%y'),'ABC','Operation','E101');
Insert into EVENTPLAN (PLANNO,EVENTNO,WORKDATE,NOTES,ACTIVITY,EMPNO) values ('P299','E101',STR_TO_DATE('26-OCT-18','%d-%m-%y'),null,'Operation','E101');
Insert into EVENTPLAN (PLANNO,EVENTNO,WORKDATE,NOTES,ACTIVITY,EMPNO) values ('P349','E106',STR_TO_DATE('12-12-18','%d-%m-%y'),null,'Setup','E101');
Insert into EVENTPLAN (PLANNO,EVENTNO,WORKDATE,NOTES,ACTIVITY,EMPNO) values ('P85','E100',STR_TO_DATE('25-OCT-18','%d-%m-%y'),'Standard operation','Cleanup','E102');
Insert into EVENTPLAN (PLANNO,EVENTNO,WORKDATE,NOTES,ACTIVITY,EMPNO) values ('P95','E101',STR_TO_DATE('26-OCT-18','%d-%m-%y'),'Extra security','Cleanup','E102');

Insert into EVENTPLANLINE (PLANNO,LINENO,TIMESTART,TIMEEND,NUMBERFLD,LOCNO,RESNO) values ('P100',1, STR_TO_DATE('25-OCT-18 8:00:00','%d-%m-%y HH24:MI:SS'), STR_TO_DATE('25-OCT-18 17:00:00','%d-%m-%y HH24:MI:SS'),2,'L100','R100');
Insert into EVENTPLANLINE (PLANNO,LINENO,TIMESTART,TIMEEND,NUMBERFLD,LOCNO,RESNO) values ('P100',2, STR_TO_DATE('25-OCT-18 12:00:00','%d-%m-%y HH24:MI:SS'),STR_TO_DATE('25-OCT-18 17:00:00','%d-%m-%y HH24:MI:SS'), 2,'L101','R101');
Insert into EVENTPLANLINE (PLANNO,LINENO,TIMESTART,TIMEEND,NUMBERFLD,LOCNO,RESNO) values ('P100',3, STR_TO_DATE('25-OCT-18 7:00:00','%d-%m-%y HH24:MI:SS'), STR_TO_DATE('25-OCT-18 16:30:00','%d-%m-%y HH24:MI:SS'), 1,'L102','R102');
Insert into EVENTPLANLINE (PLANNO,LINENO,TIMESTART,TIMEEND,NUMBERFLD,LOCNO,RESNO) values ('P100',4, STR_TO_DATE('25-OCT-18 18:00:00','%d-%m-%y HH24:MI:SS'),STR_TO_DATE('25-OCT-18 22:00:00','%d-%m-%y HH24:MI:SS'),2,'L100','R102');
Insert into EVENTPLANLINE (PLANNO,LINENO,TIMESTART,TIMEEND,NUMBERFLD,LOCNO,RESNO) values ('P101',1, STR_TO_DATE('3-12-18 18:00:00','%d-%m-%y HH24:MI:SS'),STR_TO_DATE('3-12-18 20:00:00','%d-%m-%y HH24:MI:SS'),2,'L103','R100');
Insert into EVENTPLANLINE (PLANNO,LINENO,TIMESTART,TIMEEND,NUMBERFLD,LOCNO,RESNO) values ('P101',2, STR_TO_DATE('3-12-18 18:30:00','%d-%m-%y HH24:MI:SS'),STR_TO_DATE('3-12-18 19:00:00','%d-%m-%y HH24:MI:SS'),4,'L105','R100');
Insert into EVENTPLANLINE (PLANNO,LINENO,TIMESTART,TIMEEND,NUMBERFLD,LOCNO,RESNO) values ('P101',3, STR_TO_DATE('3-12-18 19:00:00','%d-%m-%y HH24:MI:SS'),STR_TO_DATE('3-12-18 20:00:00','%d-%m-%y HH24:MI:SS'),2,'L103','R103');
Insert into EVENTPLANLINE (PLANNO,LINENO,TIMESTART,TIMEEND,NUMBERFLD,LOCNO,RESNO) values ('P102',1, STR_TO_DATE('5-12-18 18:00:00','%d-%m-%y HH24:MI:SS'),STR_TO_DATE('5-12-18 19:00:00','%d-%m-%y HH24:MI:SS'),2,'L103','R100');
Insert into EVENTPLANLINE (PLANNO,LINENO,TIMESTART,TIMEEND,NUMBERFLD,LOCNO,RESNO) values ('P102',2, STR_TO_DATE('5-12-18 18:00:00','%d-%m-%y HH24:MI:SS'),STR_TO_DATE('5-12-18 21:00:00','%d-%m-%y HH24:MI:SS'),4,'L105','R100');
Insert into EVENTPLANLINE (PLANNO,LINENO,TIMESTART,TIMEEND,NUMBERFLD,LOCNO,RESNO) values ('P102',3, STR_TO_DATE('5-12-18 19:00:00','%d-%m-%y HH24:MI:SS'),STR_TO_DATE('5-12-18 22:00:00','%d-%m-%y HH24:MI:SS'),2,'L103','R103');
Insert into EVENTPLANLINE (PLANNO,LINENO,TIMESTART,TIMEEND,NUMBERFLD,LOCNO,RESNO) values ('P103',1, STR_TO_DATE('12-12-18 18:00:00','%d-%m-%y HH24:MI:SS'),STR_TO_DATE('12-12-18 21:00:00','%d-%m-%y HH24:MI:SS'),2,'L103','R100');
Insert into EVENTPLANLINE (PLANNO,LINENO,TIMESTART,TIMEEND,NUMBERFLD,LOCNO,RESNO) values ('P103',2, STR_TO_DATE('12-12-18 18:00:00','%d-%m-%y HH24:MI:SS'),STR_TO_DATE('12-12-18 21:00:00','%d-%m-%y HH24:MI:SS'),4,'L105','R100');
Insert into EVENTPLANLINE (PLANNO,LINENO,TIMESTART,TIMEEND,NUMBERFLD,LOCNO,RESNO) values ('P103',3, STR_TO_DATE('12-12-18 19:00:00','%d-%m-%y HH24:MI:SS'),STR_TO_DATE('12-12-18 22:00:00','%d-%m-%y HH24:MI:SS'),2,'L103','R103');
Insert into EVENTPLANLINE (PLANNO,LINENO,TIMESTART,TIMEEND,NUMBERFLD,LOCNO,RESNO) values ('P104',1, STR_TO_DATE('26-OCT-18 18:00:00','%d-%m-%y HH24:MI:SS'),STR_TO_DATE('26-OCT-18 22:00:00','%d-%m-%y HH24:MI:SS'),4,'L101','R104');
Insert into EVENTPLANLINE (PLANNO,LINENO,TIMESTART,TIMEEND,NUMBERFLD,LOCNO,RESNO) values ('P104',2, STR_TO_DATE('26-OCT-18 18:00:00','%d-%m-%y HH24:MI:SS'),STR_TO_DATE('26-OCT-18 22:00:00','%d-%m-%y HH24:MI:SS'),4,'L100','R104');
Insert into EVENTPLANLINE (PLANNO,LINENO,TIMESTART,TIMEEND,NUMBERFLD,LOCNO,RESNO) values ('P105',1, STR_TO_DATE('25-OCT-18 18:00:00','%d-%m-%y HH24:MI:SS'),STR_TO_DATE('25-OCT-18 22:00:00','%d-%m-%y HH24:MI:SS'),4,'L101','R104');
Insert into EVENTPLANLINE (PLANNO,LINENO,TIMESTART,TIMEEND,NUMBERFLD,LOCNO,RESNO) values ('P105',2, STR_TO_DATE('25-OCT-18 18:00:00','%d-%m-%y HH24:MI:SS'),STR_TO_DATE('25-OCT-18 22:00:00','%d-%m-%y HH24:MI:SS'),4,'L100','R104');
Insert into EVENTPLANLINE (PLANNO,LINENO,TIMESTART,TIMEEND,NUMBERFLD,LOCNO,RESNO) values ('P199',1, STR_TO_DATE('10-12-18 8:00:00','%d-%m-%y HH24:MI:SS'), STR_TO_DATE('10-12-18 12:00:00','%d-%m-%y HH24:MI:SS'),1,'L100','R100');
Insert into EVENTPLANLINE (PLANNO,LINENO,TIMESTART,TIMEEND,NUMBERFLD,LOCNO,RESNO) values ('P349',1, STR_TO_DATE('12-12-18 12:00:00','%d-%m-%y HH24:MI:SS'),STR_TO_DATE('12-12-18 15:30:00','%d-%m-%y HH24:MI:SS'),1,'L103','R100');
Insert into EVENTPLANLINE (PLANNO,LINENO,TIMESTART,TIMEEND,NUMBERFLD,LOCNO,RESNO) values ('P85',1,  STR_TO_DATE('25-OCT-18 9:00:00','%d-%m-%y HH24:MI:SS'), STR_TO_DATE('25-OCT-18 17:00:00','%d-%m-%y HH24:MI:SS'),5,'L100','R100');
Insert into EVENTPLANLINE (PLANNO,LINENO,TIMESTART,TIMEEND,NUMBERFLD,LOCNO,RESNO) values ('P85',2,  STR_TO_DATE('25-OCT-18 8:00:00','%d-%m-%y HH24:MI:SS'), STR_TO_DATE('25-OCT-18 17:00:00','%d-%m-%y HH24:MI:SS'),2,'L102','R101');
Insert into EVENTPLANLINE (PLANNO,LINENO,TIMESTART,TIMEEND,NUMBERFLD,LOCNO,RESNO) values ('P85',3, STR_TO_DATE('25-OCT-18 10:00:00','%d-%m-%y HH24:MI:SS'), STR_TO_DATE('25-OCT-18 15:00:00','%d-%m-%y HH24:MI:SS'),3,'L104','R100');
Insert into EVENTPLANLINE (PLANNO,LINENO,TIMESTART,TIMEEND,NUMBERFLD,LOCNO,RESNO) values ('P95',1, STR_TO_DATE('26-OCT-18 8:00:00','%d-%m-%y HH24:MI:SS'),  STR_TO_DATE('26-OCT-18 17:00:00','%d-%m-%y HH24:MI:SS'),4,'L100','R100');
Insert into EVENTPLANLINE (PLANNO,LINENO,TIMESTART,TIMEEND,NUMBERFLD,LOCNO,RESNO) values ('P95',2, STR_TO_DATE('26-OCT-18 9:00:00','%d-%m-%y HH24:MI:SS'),  STR_TO_DATE('26-OCT-18 17:00:00','%d-%m-%y HH24:MI:SS'),4,'L102','R101');
Insert into EVENTPLANLINE (PLANNO,LINENO,TIMESTART,TIMEEND,NUMBERFLD,LOCNO,RESNO) values ('P95',3, STR_TO_DATE('26-OCT-18 10:00:00','%d-%m-%y HH24:MI:SS'), STR_TO_DATE('26-OCT-18 15:00:00','%d-%m-%y HH24:MI:SS'),4,'L106','R100');
Insert into EVENTPLANLINE (PLANNO,LINENO,TIMESTART,TIMEEND,NUMBERFLD,LOCNO,RESNO) values ('P95',4, STR_TO_DATE('26-OCT-18 13:00:00','%d-%m-%y HH24:MI:SS'), STR_TO_DATE('26-OCT-18 17:00:00','%d-%m-%y HH24:MI:SS'),2,'L100','R103');
Insert into EVENTPLANLINE (PLANNO,LINENO,TIMESTART,TIMEEND,NUMBERFLD,LOCNO,RESNO) values ('P95',5, STR_TO_DATE('26-OCT-18 13:00:00','%d-%m-%y HH24:MI:SS'), STR_TO_DATE('26-OCT-18 17:00:00','%d-%m-%y HH24:MI:SS'),2,'L101','R104');



